1,-13.045,-31.194,-25.954
2,-12.935,-31.239,-25.804
3,-12.837,-31.27,-25.671
4,-12.747,-31.292,-25.553
5,-12.666,-31.307,-25.448
6,-12.591,-31.316,-25.352
7,-12.522,-31.322,-25.264
8,-12.457,-31.325,-25.183
9,-12.397,-31.326,-25.107
10,-12.34,-31.326,-25.036
11,-12.286,-31.326,-24.969
12,-12.235,-31.324,-24.905
13,-12.185,-31.323,-24.844
14,-12.138,-31.321,-24.786
15,-12.093,-31.319,-24.73
16,-12.049,-31.316,-24.677
17,-12.007,-31.314,-24.625
18,-11.966,-31.312,-24.574
19,-11.927,-31.309,-24.526
20,-11.888,-31.306,-24.478
21,-11.851,-31.303,-24.432
22,-11.815,-31.299,-24.388
23,-11.779,-31.295,-24.344
24,-11.745,-31.291,-24.302
25,-11.711,-31.286,-24.26
26,-11.678,-31.282,-24.22
27,-11.628,-31.273,-24.158
28,-11.562,-31.26,-24.077
29,-11.5,-31.245,-24
30,-11.44,-31.228,-23.926
31,-11.383,-31.21,-23.856
32,-11.329,-31.191,-23.788
33,-11.277,-31.171,-23.722
34,-11.227,-31.15,-23.659
35,-11.18,-31.128,-23.597
36,-11.134,-31.107,-23.537
37,-11.09,-31.085,-23.479
38,-11.048,-31.063,-23.422
39,-10.998,-31.036,-23.353
40,-10.945,-31.007,-23.279
41,-10.895,-30.978,-23.206
42,-10.847,-30.951,-23.135
43,-10.801,-30.924,-23.066
44,-10.757,-30.899,-22.997
45,-10.714,-30.876,-22.93
46,-10.673,-30.853,-22.864
47,-10.633,-30.831,-22.799
48,-10.587,-30.807,-22.722
49,-10.542,-30.783,-22.646
50,-10.498,-30.761,-22.571
51,-10.455,-30.741,-22.498
52,-10.413,-30.721,-22.426
53,-10.372,-30.701,-22.355
54,-10.332,-30.683,-22.285
55,-10.287,-30.662,-22.208
56,-10.243,-30.642,-22.132
57,-10.2,-30.623,-22.057
58,-10.158,-30.603,-21.983
59,-10.117,-30.584,-21.911
60,-10.076,-30.565,-21.84
61,-10.033,-30.544,-21.765
62,-9.9891,-30.523,-21.689
63,-9.9467,-30.502,-21.614
64,-9.9051,-30.481,-21.541
65,-9.8646,-30.46,-21.468
66,-9.8246,-30.439,-21.396
67,-9.7822,-30.416,-21.319
68,-9.7409,-30.394,-21.244
69,-9.7008,-30.372,-21.169
70,-9.6617,-30.351,-21.095
71,-9.6237,-30.33,-21.023
72,-9.5835,-30.308,-20.945
73,-9.5445,-30.287,-20.868
74,-9.5066,-30.266,-20.792
75,-9.4697,-30.246,-20.717
76,-9.433,-30.227,-20.641
77,-9.3956,-30.208,-20.562
78,-9.3592,-30.19,-20.484
79,-9.3238,-30.173,-20.406
80,-9.2893,-30.157,-20.329
81,-9.254,-30.142,-20.249
82,-9.2194,-30.127,-20.169
83,-9.1859,-30.115,-20.089
84,-9.1532,-30.103,-20.01
85,-9.1203,-30.092,-19.929
86,-9.088,-30.082,-19.847
87,-9.0566,-30.074,-19.766
88,-9.0263,-30.067,-19.686
89,-8.9958,-30.06,-19.603
90,-8.9662,-30.055,-19.52
91,-8.9376,-30.051,-19.438
92,-8.91,-30.047,-19.356
93,-8.8824,-30.044,-19.271
94,-8.8559,-30.042,-19.187
95,-8.8306,-30.041,-19.104
96,-8.8059,-30.04,-19.02
97,-8.7818,-30.04,-18.935
98,-8.7589,-30.04,-18.851
99,-8.7371,-30.041,-18.767
100,-8.7157,-30.041,-18.681
101,-8.6954,-30.042,-18.595
102,-8.6762,-30.043,-18.511
103,-8.6578,-30.044,-18.425
104,-8.6402,-30.045,-18.338
105,-8.6237,-30.046,-18.253
106,-8.6081,-30.047,-18.167
107,-8.5932,-30.048,-18.08
108,-8.5793,-30.049,-17.993
109,-8.5663,-30.049,-17.907
110,-8.554,-30.05,-17.82
111,-8.5426,-30.051,-17.733
112,-8.532,-30.051,-17.647
113,-8.522,-30.052,-17.559
114,-8.5129,-30.052,-17.472
115,-8.5044,-30.053,-17.385
116,-8.4966,-30.054,-17.297
117,-8.4894,-30.055,-17.21
118,-8.4829,-30.056,-17.123
119,-8.477,-30.057,-17.035
120,-8.4717,-30.059,-16.948
121,-8.4669,-30.062,-16.86
122,-8.4627,-30.065,-16.773
123,-8.4591,-30.069,-16.686
124,-8.4561,-30.073,-16.598
125,-8.4536,-30.078,-16.51
126,-8.4517,-30.083,-16.423
127,-8.4504,-30.09,-16.335
128,-8.4497,-30.097,-16.248
129,-8.4496,-30.105,-16.161
130,-8.4501,-30.114,-16.074
131,-8.4512,-30.124,-15.987
132,-8.453,-30.135,-15.899
133,-8.4554,-30.147,-15.813
134,-8.4585,-30.16,-15.726
135,-8.4623,-30.174,-15.639
136,-8.4667,-30.188,-15.553
137,-8.4719,-30.204,-15.467
138,-8.4777,-30.221,-15.381
139,-8.4843,-30.239,-15.296
140,-8.4916,-30.258,-15.21
141,-8.4996,-30.277,-15.126
142,-8.5084,-30.298,-15.04
143,-8.5178,-30.32,-14.956
144,-8.5279,-30.343,-14.872
145,-8.5387,-30.367,-14.788
146,-8.5501,-30.392,-14.705
147,-8.5623,-30.418,-14.622
148,-8.575,-30.445,-14.54
149,-8.5884,-30.473,-14.458
150,-8.6022,-30.502,-14.376
151,-8.6167,-30.532,-14.295
152,-8.6317,-30.563,-14.215
153,-8.6472,-30.596,-14.135
154,-8.6632,-30.629,-14.055
155,-8.6795,-30.663,-13.976
156,-8.6963,-30.699,-13.898
157,-8.7133,-30.736,-13.821
158,-8.7309,-30.774,-13.743
159,-8.7485,-30.813,-13.667
160,-8.7666,-30.854,-13.591
161,-8.7847,-30.895,-13.516
162,-8.8033,-30.938,-13.441
163,-8.8218,-30.982,-13.368
164,-8.8408,-31.027,-13.295
165,-8.8598,-31.073,-13.224
166,-8.8791,-31.121,-13.153
167,-8.8985,-31.17,-13.083
168,-8.9181,-31.22,-13.014
169,-8.9381,-31.272,-12.945
170,-8.9582,-31.324,-12.879
171,-8.9789,-31.378,-12.812
172,-8.9998,-31.433,-12.747
173,-9.0213,-31.489,-12.683
174,-9.0434,-31.547,-12.621
175,-9.066,-31.605,-12.559
176,-9.0895,-31.664,-12.499
177,-9.1138,-31.724,-12.44
178,-9.1389,-31.784,-12.382
179,-9.1651,-31.846,-12.325
180,-9.1923,-31.908,-12.27
181,-9.2205,-31.971,-12.216
182,-9.2501,-32.035,-12.163
183,-9.2808,-32.099,-12.111
184,-9.3127,-32.163,-12.061
185,-9.3459,-32.228,-12.012
186,-9.3804,-32.293,-11.965
187,-9.416,-32.358,-11.918
188,-9.4529,-32.424,-11.873
189,-9.491,-32.489,-11.83
190,-9.5301,-32.555,-11.787
191,-9.5703,-32.621,-11.746
192,-9.6116,-32.687,-11.705
193,-9.6537,-32.754,-11.666
194,-9.6968,-32.82,-11.628
195,-9.7406,-32.886,-11.591
196,-9.7852,-32.953,-11.555
197,-9.8303,-33.019,-11.52
198,-9.8761,-33.085,-11.486
199,-9.9223,-33.152,-11.452
200,-9.969,-33.219,-11.42
201,-10.016,-33.285,-11.388
202,-10.063,-33.352,-11.356
203,-10.111,-33.419,-11.325
204,-10.158,-33.486,-11.295
205,-10.205,-33.554,-11.265
206,-10.253,-33.621,-11.236
207,-10.3,-33.689,-11.207
208,-10.347,-33.757,-11.178
209,-10.394,-33.826,-11.149
210,-10.44,-33.895,-11.121
211,-10.486,-33.964,-11.093
212,-10.531,-34.034,-11.065
213,-10.575,-34.104,-11.037
214,-10.619,-34.175,-11.009
215,-10.661,-34.246,-10.981
216,-10.703,-34.318,-10.953
217,-10.743,-34.391,-10.925
218,-10.783,-34.464,-10.897
219,-10.82,-34.538,-10.869
220,-10.857,-34.612,-10.84
221,-10.892,-34.688,-10.812
222,-10.925,-34.764,-10.783
223,-10.956,-34.84,-10.755
224,-10.986,-34.918,-10.726
225,-11.014,-34.996,-10.697
226,-11.039,-35.074,-10.667
227,-11.063,-35.153,-10.638
228,-11.085,-35.233,-10.608
229,-11.105,-35.313,-10.578
230,-11.123,-35.393,-10.548
231,-11.14,-35.474,-10.518
232,-11.154,-35.555,-10.488
233,-11.167,-35.636,-10.457
234,-11.179,-35.717,-10.426
235,-11.189,-35.798,-10.395
236,-11.198,-35.879,-10.363
237,-11.206,-35.96,-10.331
238,-11.213,-36.041,-10.298
239,-11.219,-36.122,-10.265
240,-11.225,-36.203,-10.231
241,-11.23,-36.284,-10.197
242,-11.235,-36.364,-10.162
243,-11.239,-36.444,-10.127
244,-11.244,-36.524,-10.09
245,-11.248,-36.603,-10.053
246,-11.252,-36.682,-10.015
247,-11.256,-36.76,-9.9755
248,-11.261,-36.838,-9.9353
249,-11.265,-36.915,-9.8941
250,-11.27,-36.992,-9.8519
251,-11.274,-37.068,-9.8086
252,-11.279,-37.143,-9.7642
253,-11.283,-37.218,-9.7186
254,-11.288,-37.292,-9.672
255,-11.292,-37.366,-9.6243
256,-11.296,-37.438,-9.5755
257,-11.299,-37.51,-9.5256
258,-11.302,-37.582,-9.4746
259,-11.303,-37.652,-9.4227
260,-11.304,-37.722,-9.3697
261,-11.304,-37.791,-9.3158
262,-11.302,-37.86,-9.261
263,-11.299,-37.927,-9.2053
264,-11.294,-37.994,-9.1488
265,-11.287,-38.06,-9.0915
266,-11.279,-38.125,-9.0335
267,-11.268,-38.19,-8.975
268,-11.254,-38.253,-8.9158
269,-11.239,-38.315,-8.8562
270,-11.221,-38.377,-8.7962
271,-11.2,-38.437,-8.7359
272,-11.177,-38.496,-8.6753
273,-11.152,-38.554,-8.6146
274,-11.124,-38.61,-8.5537
275,-11.093,-38.665,-8.4928
276,-11.061,-38.719,-8.4319
277,-11.026,-38.772,-8.371
278,-10.988,-38.823,-8.3102
279,-10.949,-38.872,-8.2495
280,-10.908,-38.921,-8.1889
281,-10.865,-38.967,-8.1286
282,-10.82,-39.013,-8.0684
283,-10.773,-39.056,-8.0083
284,-10.725,-39.099,-7.9485
285,-10.676,-39.14,-7.8888
286,-10.625,-39.179,-7.8294
287,-10.573,-39.217,-7.7701
288,-10.519,-39.254,-7.711
289,-10.465,-39.289,-7.6522
290,-10.409,-39.323,-7.5935
291,-10.352,-39.355,-7.535
292,-10.295,-39.386,-7.4768
293,-10.236,-39.416,-7.4187
294,-10.176,-39.444,-7.3609
295,-10.116,-39.471,-7.3034
296,-10.054,-39.496,-7.246
297,-9.992,-39.519,-7.189
298,-9.9289,-39.541,-7.1322
299,-9.865,-39.562,-7.0757
300,-9.8003,-39.58,-7.0196
301,-9.7349,-39.597,-6.9639
302,-9.6687,-39.613,-6.9085
303,-9.6017,-39.626,-6.8536
304,-9.534,-39.638,-6.7991
305,-9.4656,-39.648,-6.7451
306,-9.3965,-39.656,-6.6917
307,-9.3268,-39.662,-6.6389
308,-9.2564,-39.666,-6.5868
309,-9.1854,-39.668,-6.5354
310,-9.1139,-39.667,-6.4847
311,-9.0419,-39.665,-6.4348
312,-8.9693,-39.66,-6.3858
313,-8.8964,-39.652,-6.3377
314,-8.8231,-39.643,-6.2906
315,-8.7496,-39.63,-6.2445
316,-8.6758,-39.616,-6.1994
317,-8.6019,-39.599,-6.1555
318,-8.5279,-39.579,-6.1127
319,-8.454,-39.557,-6.0711
320,-8.3802,-39.532,-6.0307
321,-8.3066,-39.505,-5.9915
322,-8.2333,-39.476,-5.9535
323,-8.1603,-39.444,-5.9168
324,-8.0877,-39.41,-5.8814
325,-8.0156,-39.374,-5.8472
326,-7.9441,-39.335,-5.8142
327,-7.8732,-39.295,-5.7825
328,-7.8029,-39.252,-5.752
329,-7.7333,-39.208,-5.7226
330,-7.6644,-39.161,-5.6944
331,-7.5962,-39.113,-5.6673
332,-7.5288,-39.064,-5.6412
333,-7.4621,-39.012,-5.6163
334,-7.3962,-38.96,-5.5923
335,-7.3311,-38.906,-5.5693
336,-7.2667,-38.851,-5.5472
337,-7.203,-38.794,-5.526
338,-7.1401,-38.737,-5.5057
339,-7.0779,-38.678,-5.4861
340,-7.0165,-38.618,-5.4674
341,-6.9558,-38.558,-5.4494
342,-6.8958,-38.496,-5.4322
343,-6.8366,-38.434,-5.4156
344,-6.778,-38.37,-5.3997
345,-6.7202,-38.306,-5.3844
346,-6.6631,-38.241,-5.3698
347,-6.6067,-38.176,-5.3557
348,-6.5511,-38.109,-5.3422
349,-6.4963,-38.042,-5.3293
350,-6.4422,-37.974,-5.3169
351,-6.389,-37.905,-5.305
352,-6.3366,-37.836,-5.2936
353,-6.2851,-37.766,-5.2827
354,-6.2346,-37.695,-5.2723
355,-6.1851,-37.623,-5.2623
356,-6.1366,-37.551,-5.2529
357,-6.0893,-37.478,-5.2438
358,-6.0432,-37.404,-5.2352
359,-5.9983,-37.329,-5.2271
360,-5.9549,-37.253,-5.2194
361,-5.9129,-37.176,-5.2121
362,-5.8723,-37.099,-5.2053
363,-5.8335,-37.021,-5.1989
364,-5.7963,-36.941,-5.1929
365,-5.761,-36.861,-5.1874
366,-5.7275,-36.78,-5.1824
367,-5.696,-36.699,-5.1779
368,-5.6665,-36.616,-5.1739
369,-5.6391,-36.533,-5.1704
370,-5.6138,-36.449,-5.1675
371,-5.5906,-36.365,-5.1652
372,-5.5696,-36.28,-5.1636
373,-5.5506,-36.194,-5.1626
374,-5.5336,-36.108,-5.1623
375,-5.5186,-36.022,-5.1628
376,-5.5055,-35.935,-5.164
377,-5.4941,-35.848,-5.1661
378,-5.4845,-35.761,-5.1689
379,-5.4763,-35.674,-5.1725
380,-5.4697,-35.587,-5.1769
381,-5.4643,-35.499,-5.182
382,-5.46,-35.412,-5.1878
383,-5.4568,-35.324,-5.1942
384,-5.4545,-35.237,-5.2011
385,-5.453,-35.15,-5.2084
386,-5.4522,-35.062,-5.216
387,-5.452,-34.975,-5.2238
388,-5.4523,-34.888,-5.2316
389,-5.453,-34.8,-5.2394
390,-5.4541,-34.713,-5.2469
391,-5.4554,-34.626,-5.2541
392,-5.4571,-34.538,-5.2608
393,-5.459,-34.451,-5.267
394,-5.4611,-34.363,-5.2726
395,-5.4635,-34.276,-5.2774
396,-5.466,-34.188,-5.2815
397,-5.4688,-34.101,-5.2848
398,-5.4719,-34.013,-5.2872
399,-5.4752,-33.926,-5.2889
400,-5.4788,-33.838,-5.2897
401,-5.4829,-33.75,-5.2898
402,-5.4873,-33.663,-5.2891
403,-5.4922,-33.575,-5.2878
404,-5.4977,-33.488,-5.2857
405,-5.5038,-33.4,-5.283
406,-5.5106,-33.313,-5.2798
407,-5.5181,-33.226,-5.2761
408,-5.5264,-33.139,-5.2719
409,-5.5357,-33.052,-5.2672
410,-5.5458,-32.965,-5.2622
411,-5.5571,-32.878,-5.2568
412,-5.5693,-32.791,-5.2511
413,-5.5827,-32.705,-5.2451
414,-5.5973,-32.619,-5.2388
415,-5.613,-32.533,-5.2323
416,-5.63,-32.447,-5.2255
417,-5.6481,-32.361,-5.2185
418,-5.6674,-32.276,-5.2112
419,-5.6879,-32.191,-5.2037
420,-5.7095,-32.107,-5.196
421,-5.7322,-32.022,-5.188
422,-5.7559,-31.938,-5.1798
423,-5.7806,-31.855,-5.1713
424,-5.8062,-31.771,-5.1624
425,-5.8326,-31.688,-5.1533
426,-5.8597,-31.605,-5.1438
427,-5.8876,-31.523,-5.1339
428,-5.916,-31.441,-5.1237
429,-5.945,-31.358,-5.113
430,-5.9745,-31.277,-5.1018
431,-6.0043,-31.195,-5.0902
432,-6.0344,-31.114,-5.0781
433,-6.0649,-31.032,-5.0654
434,-6.0956,-30.951,-5.0522
435,-6.1265,-30.87,-5.0384
436,-6.1575,-30.79,-5.024
437,-6.1888,-30.709,-5.009
438,-6.2202,-30.629,-4.9934
439,-6.2517,-30.549,-4.9771
440,-6.2834,-30.469,-4.9601
441,-6.3153,-30.389,-4.9425
442,-6.3474,-30.31,-4.9242
443,-6.3797,-30.23,-4.9051
444,-6.4122,-30.151,-4.8854
445,-6.445,-30.073,-4.8649
446,-6.4781,-29.994,-4.8437
447,-6.5115,-29.916,-4.8217
448,-6.5453,-29.839,-4.799
449,-6.5794,-29.761,-4.7755
450,-6.6139,-29.684,-4.7512
451,-6.6487,-29.608,-4.7261
452,-6.684,-29.532,-4.7002
453,-6.7196,-29.457,-4.6734
454,-6.7556,-29.381,-4.6457
455,-6.7919,-29.307,-4.6172
456,-6.8286,-29.233,-4.5878
457,-6.8656,-29.16,-4.5575
458,-6.9028,-29.087,-4.5263
459,-6.9404,-29.014,-4.4941
460,-6.9782,-28.942,-4.4609
461,-7.0161,-28.871,-4.4268
462,-7.0543,-28.8,-4.3916
463,-7.0925,-28.73,-4.3555
464,-7.1309,-28.661,-4.3183
465,-7.1693,-28.592,-4.28
466,-7.2078,-28.524,-4.2406
467,-7.2463,-28.456,-4.2001
468,-7.2847,-28.389,-4.1586
469,-7.3231,-28.323,-4.1158
470,-7.3614,-28.257,-4.0719
471,-7.3996,-28.193,-4.0269
472,-7.4377,-28.129,-3.9806
473,-7.4757,-28.065,-3.9332
474,-7.5135,-28.003,-3.8845
475,-7.5512,-27.942,-3.8346
476,-7.5887,-27.881,-3.7834
477,-7.6261,-27.822,-3.7309
478,-7.6632,-27.763,-3.6772
479,-7.7003,-27.706,-3.6222
480,-7.7372,-27.65,-3.5659
481,-7.7739,-27.595,-3.5084
482,-7.8105,-27.541,-3.4496
483,-7.8471,-27.489,-3.3895
484,-7.8835,-27.438,-3.3281
485,-7.9199,-27.388,-3.2656
486,-7.9563,-27.34,-3.2018
487,-7.9927,-27.294,-3.1368
488,-8.0291,-27.249,-3.0708
489,-8.0656,-27.206,-3.0036
490,-8.1022,-27.165,-2.9354
491,-8.139,-27.126,-2.8662
492,-8.1759,-27.088,-2.7961
493,-8.213,-27.053,-2.7251
494,-8.2504,-27.019,-2.6534
495,-8.288,-26.987,-2.5809
496,-8.3259,-26.957,-2.5078
497,-8.3642,-26.929,-2.434
498,-8.4028,-26.903,-2.3598
499,-8.4418,-26.879,-2.2851
500,-8.4811,-26.856,-2.2101
501,-8.5208,-26.835,-2.1347
502,-8.5609,-26.816,-2.0591
503,-8.6015,-26.799,-1.9833
504,-8.6424,-26.783,-1.9074
505,-8.6837,-26.769,-1.8314
506,-8.7255,-26.756,-1.7554
507,-8.7676,-26.745,-1.6793
508,-8.8102,-26.735,-1.6033
509,-8.8532,-26.727,-1.5274
510,-8.8966,-26.72,-1.4515
511,-8.9404,-26.714,-1.3758
512,-8.9846,-26.709,-1.3003
513,-9.0292,-26.705,-1.2249
514,-9.0742,-26.703,-1.1497
515,-9.1196,-26.701,-1.0747
516,-9.1654,-26.7,-0.99993
517,-9.2116,-26.7,-0.9254
518,-9.2582,-26.701,-0.85114
519,-9.3052,-26.703,-0.77714
520,-9.3526,-26.706,-0.70343
521,-9.4004,-26.709,-0.63002
522,-9.4487,-26.713,-0.55692
523,-9.4974,-26.717,-0.48415
524,-9.5465,-26.722,-0.41172
525,-9.5961,-26.728,-0.33965
526,-9.6462,-26.734,-0.26795
527,-9.6968,-26.74,-0.19665
528,-9.7479,-26.747,-0.12577
529,-9.7996,-26.755,-0.055318
530,-9.8518,-26.762,0.014668
531,-9.9047,-26.77,0.084167
532,-9.9581,-26.778,0.15318
533,-10.012,-26.787,0.22165
534,-10.067,-26.796,0.28956
535,-10.123,-26.804,0.35685
536,-10.179,-26.813,0.42351
537,-10.236,-26.823,0.48947
538,-10.294,-26.832,0.5547
539,-10.352,-26.841,0.61915
540,-10.412,-26.851,0.68277
541,-10.472,-26.86,0.74559
542,-10.534,-26.87,0.80751
543,-10.596,-26.88,0.86845
544,-10.659,-26.89,0.92836
545,-10.723,-26.9,0.98721
546,-10.788,-26.91,1.045
547,-10.855,-26.92,1.1017
548,-10.922,-26.931,1.1572
549,-10.989,-26.942,1.2115
550,-11.058,-26.953,1.2646
551,-11.128,-26.965,1.3165
552,-11.198,-26.978,1.3672
553,-11.269,-26.991,1.4168
554,-11.341,-27.005,1.4652
555,-11.413,-27.02,1.5125
556,-11.486,-27.036,1.5588
557,-11.559,-27.053,1.6041
558,-11.633,-27.071,1.6486
559,-11.706,-27.09,1.6922
560,-11.78,-27.111,1.7352
561,-11.854,-27.132,1.7775
562,-11.927,-27.155,1.8193
563,-12.001,-27.179,1.8606
564,-12.074,-27.204,1.9015
565,-12.147,-27.23,1.9421
566,-12.22,-27.257,1.9825
567,-12.293,-27.286,2.0226
568,-12.365,-27.315,2.0626
569,-12.437,-27.345,2.1023
570,-12.509,-27.376,2.1419
571,-12.58,-27.408,2.1813
572,-12.652,-27.441,2.2206
573,-12.723,-27.474,2.2596
574,-12.794,-27.508,2.2983
575,-12.865,-27.542,2.3368
576,-12.936,-27.576,2.3749
577,-13.007,-27.611,2.4127
578,-13.078,-27.646,2.45
579,-13.15,-27.681,2.4869
580,-13.221,-27.717,2.5232
581,-13.293,-27.752,2.5589
582,-13.365,-27.787,2.5941
583,-13.438,-27.822,2.6285
584,-13.511,-27.857,2.6623
585,-13.584,-27.891,2.6954
586,-13.658,-27.925,2.7278
587,-13.733,-27.959,2.7595
588,-13.808,-27.993,2.7906
589,-13.883,-28.026,2.821
590,-13.959,-28.058,2.851
591,-14.035,-28.09,2.8804
592,-14.111,-28.122,2.9095
593,-14.188,-28.153,2.9383
594,-14.265,-28.184,2.967
595,-14.341,-28.215,2.9958
596,-14.418,-28.246,3.0246
597,-14.495,-28.276,3.0538
598,-14.572,-28.307,3.0833
599,-14.648,-28.338,3.1133
600,-14.724,-28.37,3.144
601,-14.799,-28.401,3.1752
602,-14.874,-28.434,3.2072
603,-14.949,-28.467,3.24
604,-15.022,-28.501,3.2735
605,-15.095,-28.535,3.3077
606,-15.167,-28.571,3.3426
607,-15.238,-28.607,3.3783
608,-15.309,-28.645,3.4145
609,-15.379,-28.684,3.4514
610,-15.447,-28.723,3.4887
611,-15.515,-28.764,3.5266
612,-15.582,-28.806,3.5648
613,-15.648,-28.848,3.6034
614,-15.713,-28.892,3.6423
615,-15.778,-28.937,3.6814
616,-15.841,-28.983,3.7208
617,-15.904,-29.03,3.7604
618,-15.966,-29.077,3.8002
619,-16.027,-29.126,3.8402
620,-16.087,-29.175,3.8803
621,-16.147,-29.225,3.9208
622,-16.205,-29.276,3.9615
623,-16.263,-29.328,4.0024
624,-16.321,-29.38,4.0438
625,-16.377,-29.432,4.0855
626,-16.433,-29.485,4.1277
627,-16.488,-29.538,4.1705
628,-16.542,-29.592,4.2139
629,-16.596,-29.645,4.258
630,-16.649,-29.699,4.3028
631,-16.701,-29.752,4.3485
632,-16.753,-29.806,4.3951
633,-16.804,-29.859,4.4427
634,-16.854,-29.912,4.4912
635,-16.904,-29.964,4.5408
636,-16.953,-30.016,4.5915
637,-17.002,-30.067,4.6433
638,-17.05,-30.118,4.6961
639,-17.098,-30.168,4.75
640,-17.145,-30.217,4.805
641,-17.193,-30.265,4.8609
642,-17.239,-30.313,4.9179
643,-17.286,-30.359,4.9757
644,-17.332,-30.405,5.0343
645,-17.378,-30.45,5.0938
646,-17.424,-30.495,5.1539
647,-17.47,-30.538,5.2147
648,-17.515,-30.581,5.2761
649,-17.561,-30.623,5.338
650,-17.607,-30.664,5.4003
651,-17.652,-30.705,5.463
652,-17.698,-30.745,5.526
653,-17.744,-30.785,5.5893
654,-17.79,-30.824,5.6527
655,-17.837,-30.863,5.7163
656,-17.883,-30.901,5.7799
657,-17.93,-30.939,5.8436
658,-17.978,-30.977,5.9072
659,-18.025,-31.014,5.9708
660,-18.073,-31.051,6.0342
661,-18.121,-31.087,6.0975
662,-18.17,-31.124,6.1605
663,-18.22,-31.16,6.2233
664,-18.27,-31.196,6.2858
665,-18.32,-31.232,6.3479
666,-18.371,-31.267,6.4096
667,-18.423,-31.302,6.4708
668,-18.476,-31.337,6.5316
669,-18.529,-31.372,6.5918
670,-18.583,-31.407,6.6514
671,-18.638,-31.441,6.7103
672,-18.694,-31.476,6.7686
673,-18.751,-31.509,6.8261
674,-18.809,-31.543,6.8828
675,-18.868,-31.576,6.9386
676,-18.928,-31.608,6.9934
677,-18.99,-31.64,7.0472
678,-19.053,-31.671,7.0999
679,-19.117,-31.702,7.1515
680,-19.182,-31.732,7.2018
681,-19.249,-31.76,7.2507
682,-19.317,-31.788,7.2983
683,-19.386,-31.815,7.3445
684,-19.457,-31.84,7.3891
685,-19.53,-31.865,7.4322
686,-19.603,-31.888,7.4738
687,-19.678,-31.91,7.5138
688,-19.754,-31.931,7.5524
689,-19.831,-31.95,7.5895
690,-19.909,-31.968,7.6253
691,-19.988,-31.986,7.66
692,-20.067,-32.003,7.6937
693,-20.146,-32.019,7.7266
694,-20.226,-32.035,7.759
695,-20.306,-32.051,7.791
696,-20.386,-32.068,7.8228
697,-20.466,-32.085,7.8547
698,-20.546,-32.103,7.8868
699,-20.625,-32.122,7.9192
700,-20.704,-32.142,7.9521
701,-20.782,-32.164,7.9855
702,-20.859,-32.187,8.0194
703,-20.936,-32.212,8.0538
704,-21.011,-32.24,8.0887
705,-21.086,-32.268,8.1241
706,-21.16,-32.299,8.1598
707,-21.233,-32.332,8.1959
708,-21.305,-32.366,8.2321
709,-21.376,-32.402,8.2684
710,-21.446,-32.44,8.3047
711,-21.516,-32.48,8.341
712,-21.584,-32.521,8.3771
713,-21.652,-32.563,8.4129
714,-21.719,-32.607,8.4485
715,-21.786,-32.652,8.4837
716,-21.852,-32.698,8.5184
717,-21.917,-32.746,8.5527
718,-21.982,-32.794,8.5864
719,-22.047,-32.843,8.6196
720,-22.111,-32.893,8.6523
721,-22.175,-32.943,8.6844
722,-22.239,-32.995,8.7158
723,-22.303,-33.046,8.7467
724,-22.366,-33.098,8.777
725,-22.43,-33.151,8.8066
726,-22.494,-33.204,8.8356
727,-22.557,-33.257,8.864
728,-22.621,-33.31,8.8919
729,-22.685,-33.363,8.9191
730,-22.75,-33.416,8.9457
731,-22.815,-33.469,8.9717
732,-22.88,-33.522,8.9972
733,-22.945,-33.575,9.022
734,-23.012,-33.627,9.0463
735,-23.078,-33.679,9.0701
736,-23.145,-33.73,9.0932
737,-23.213,-33.781,9.1158
738,-23.282,-33.831,9.1377
739,-23.351,-33.88,9.1591
740,-23.421,-33.928,9.1797
741,-23.492,-33.976,9.1998
742,-23.564,-34.022,9.2191
743,-23.637,-34.067,9.2377
744,-23.711,-34.111,9.2555
745,-23.785,-34.154,9.2724
746,-23.861,-34.195,9.2884
747,-23.938,-34.235,9.3033
748,-24.015,-34.274,9.3172
749,-24.094,-34.31,9.3298
750,-24.173,-34.345,9.3411
751,-24.254,-34.378,9.351
752,-24.336,-34.409,9.3592
753,-24.418,-34.438,9.3656
754,-24.502,-34.465,9.3702
755,-24.586,-34.489,9.3726
756,-24.671,-34.511,9.3728
757,-24.756,-34.53,9.3706
758,-24.842,-34.546,9.3658
759,-24.929,-34.559,9.3584
760,-25.015,-34.568,9.3483
761,-25.102,-34.575,9.3354
762,-25.188,-34.578,9.3197
763,-25.274,-34.577,9.3013
764,-25.359,-34.573,9.2803
765,-25.443,-34.566,9.2567
766,-25.526,-34.556,9.2308
767,-25.608,-34.542,9.2027
768,-25.689,-34.526,9.1727
769,-25.768,-34.507,9.1409
770,-25.846,-34.485,9.1074
771,-25.923,-34.461,9.0725
772,-25.998,-34.436,9.0363
773,-26.073,-34.408,8.9991
774,-26.146,-34.378,8.9607
775,-26.218,-34.347,8.9215
776,-26.289,-34.314,8.8815
777,-26.359,-34.281,8.8409
778,-26.427,-34.245,8.7996
779,-26.496,-34.209,8.7578
780,-26.563,-34.172,8.7155
781,-26.629,-34.134,8.6728
782,-26.695,-34.095,8.6298
783,-26.76,-34.056,8.5865
784,-26.825,-34.015,8.543
785,-26.889,-33.974,8.4993
786,-26.952,-33.932,8.4555
787,-27.015,-33.89,8.4117
788,-27.077,-33.846,8.3679
789,-27.139,-33.803,8.3241
790,-27.201,-33.758,8.2804
791,-27.262,-33.713,8.2369
792,-27.323,-33.667,8.1937
793,-27.383,-33.62,8.1508
794,-27.443,-33.572,8.1083
795,-27.503,-33.523,8.0663
796,-27.562,-33.474,8.0248
797,-27.622,-33.424,7.9841
798,-27.68,-33.372,7.9441
799,-27.739,-33.32,7.905
800,-27.797,-33.266,7.8669
801,-27.854,-33.211,7.8299
802,-27.911,-33.155,7.7942
803,-27.968,-33.098,7.7598
804,-28.024,-33.039,7.7271
805,-28.08,-32.979,7.696
806,-28.135,-32.918,7.6668
807,-28.19,-32.855,7.6396
808,-28.244,-32.791,7.6145
809,-28.298,-32.725,7.5918
810,-28.351,-32.658,7.5715
811,-28.403,-32.59,7.5538
812,-28.454,-32.521,7.5387
813,-28.505,-32.45,7.5264
814,-28.555,-32.379,7.517
815,-28.604,-32.307,7.5103
816,-28.653,-32.234,7.5066
817,-28.701,-32.16,7.5057
818,-28.748,-32.087,7.5076
819,-28.795,-32.012,7.5122
820,-28.841,-31.938,7.5195
821,-28.886,-31.864,7.5294
822,-28.931,-31.79,7.5418
823,-28.975,-31.715,7.5565
824,-29.019,-31.641,7.5734
825,-29.062,-31.568,7.5925
826,-29.105,-31.494,7.6137
827,-29.148,-31.421,7.6367
828,-29.19,-31.348,7.6616
829,-29.232,-31.276,7.6882
830,-29.274,-31.204,7.7165
831,-29.315,-31.133,7.7462
832,-29.356,-31.062,7.7775
833,-29.397,-30.992,7.8101
834,-29.438,-30.922,7.8441
835,-29.478,-30.852,7.8794
836,-29.518,-30.784,7.9159
837,-29.558,-30.715,7.9536
838,-29.597,-30.647,7.9925
839,-29.636,-30.58,8.0324
840,-29.676,-30.513,8.0735
841,-29.714,-30.446,8.1155
842,-29.753,-30.38,8.1586
843,-29.791,-30.315,8.2027
844,-29.829,-30.25,8.2478
845,-29.867,-30.186,8.2939
846,-29.905,-30.122,8.341
847,-29.942,-30.059,8.389
848,-29.979,-29.996,8.4379
849,-30.016,-29.934,8.4878
850,-30.052,-29.873,8.5386
851,-30.089,-29.812,8.5904
852,-30.125,-29.752,8.6431
853,-30.16,-29.693,8.6967
854,-30.196,-29.634,8.7512
855,-30.231,-29.576,8.8066
856,-30.267,-29.519,8.8629
857,-30.301,-29.462,8.9201
858,-30.336,-29.407,8.9782
859,-30.371,-29.352,9.0371
860,-30.405,-29.297,9.0968
861,-30.44,-29.244,9.1573
862,-30.474,-29.192,9.2187
863,-30.508,-29.14,9.2807
864,-30.542,-29.089,9.3435
865,-30.576,-29.039,9.4069
866,-30.61,-28.99,9.471
867,-30.644,-28.941,9.5357
868,-30.677,-28.893,9.6009
869,-30.711,-28.846,9.6667
870,-30.745,-28.8,9.733
871,-30.779,-28.754,9.7997
872,-30.813,-28.709,9.8668
873,-30.847,-28.665,9.9342
874,-30.882,-28.621,10.002
875,-30.916,-28.578,10.07
876,-30.951,-28.535,10.138
877,-30.986,-28.493,10.207
878,-31.021,-28.451,10.276
879,-31.056,-28.41,10.344
880,-31.091,-28.369,10.414
881,-31.127,-28.329,10.483
882,-31.162,-28.289,10.552
883,-31.199,-28.249,10.621
884,-31.235,-28.209,10.691
885,-31.271,-28.17,10.76
886,-31.308,-28.132,10.83
887,-31.345,-28.093,10.899
888,-31.382,-28.055,10.969
889,-31.42,-28.018,11.039
890,-31.458,-27.981,11.108
891,-31.496,-27.944,11.178
892,-31.535,-27.907,11.248
893,-31.573,-27.871,11.318
894,-31.613,-27.836,11.388
895,-31.652,-27.8,11.458
896,-31.692,-27.766,11.528
897,-31.732,-27.732,11.598
898,-31.773,-27.698,11.668
899,-31.813,-27.665,11.738
900,-31.855,-27.632,11.808
901,-31.896,-27.6,11.878
902,-31.938,-27.568,11.948
903,-31.981,-27.536,12.018
904,-32.024,-27.506,12.088
905,-32.067,-27.475,12.158
906,-32.11,-27.446,12.228
907,-32.154,-27.416,12.298
908,-32.199,-27.387,12.368
909,-32.243,-27.359,12.438
910,-32.289,-27.331,12.507
911,-32.334,-27.303,12.577
912,-32.38,-27.275,12.647
913,-32.426,-27.248,12.716
914,-32.472,-27.221,12.785
915,-32.519,-27.195,12.854
916,-32.566,-27.168,12.924
917,-32.614,-27.142,12.992
918,-32.661,-27.116,13.061
919,-32.709,-27.089,13.13
920,-32.757,-27.063,13.198
921,-32.806,-27.037,13.267
922,-32.855,-27.011,13.335
923,-32.903,-26.985,13.403
924,-32.953,-26.959,13.47
925,-33.002,-26.932,13.538
926,-33.051,-26.906,13.605
927,-33.101,-26.879,13.672
928,-33.151,-26.852,13.739
929,-33.201,-26.824,13.805
930,-33.251,-26.796,13.871
931,-33.302,-26.768,13.937
932,-33.352,-26.739,14.003
933,-33.403,-26.71,14.068
934,-33.454,-26.68,14.133
935,-33.505,-26.65,14.198
936,-33.556,-26.619,14.262
937,-33.607,-26.587,14.326
938,-33.658,-26.555,14.389
939,-33.71,-26.522,14.452
940,-33.762,-26.489,14.514
941,-33.813,-26.455,14.576
942,-33.865,-26.42,14.638
943,-33.917,-26.384,14.699
944,-33.97,-26.348,14.759
945,-34.022,-26.311,14.819
946,-34.074,-26.273,14.878
947,-34.127,-26.234,14.936
948,-34.18,-26.194,14.994
949,-34.232,-26.154,15.051
950,-34.285,-26.113,15.108
951,-34.339,-26.071,15.164
952,-34.392,-26.029,15.219
953,-34.445,-25.985,15.273
954,-34.499,-25.941,15.327
955,-34.552,-25.897,15.38
956,-34.606,-25.851,15.432
957,-34.66,-25.805,15.484
958,-34.714,-25.758,15.535
959,-34.768,-25.711,15.585
960,-34.822,-25.663,15.634
961,-34.877,-25.614,15.683
962,-34.931,-25.565,15.731
963,-34.985,-25.515,15.778
964,-35.04,-25.465,15.825
965,-35.094,-25.414,15.871
966,-35.149,-25.363,15.916
967,-35.204,-25.311,15.961
968,-35.258,-25.258,16.006
969,-35.313,-25.206,16.049
970,-35.368,-25.152,16.092
971,-35.422,-25.099,16.135
972,-35.477,-25.045,16.177
973,-35.531,-24.99,16.219
974,-35.586,-24.935,16.26
975,-35.64,-24.88,16.301
976,-35.695,-24.824,16.341
977,-35.749,-24.768,16.381
978,-35.804,-24.711,16.42
979,-35.858,-24.654,16.459
980,-35.912,-24.597,16.497
981,-35.966,-24.54,16.535
982,-36.02,-24.482,16.573
983,-36.074,-24.423,16.61
984,-36.128,-24.365,16.647
985,-36.182,-24.306,16.683
986,-36.235,-24.247,16.719
987,-36.289,-24.187,16.754
988,-36.343,-24.127,16.789
989,-36.397,-24.067,16.823
990,-36.45,-24.006,16.857
991,-36.504,-23.945,16.89
992,-36.558,-23.884,16.923
993,-36.612,-23.823,16.955
994,-36.665,-23.761,16.986
995,-36.719,-23.699,17.017
996,-36.773,-23.637,17.047
997,-36.827,-23.575,17.077
998,-36.881,-23.512,17.105
999,-36.935,-23.449,17.133
1000,-36.99,-23.386,17.161
1001,-37.044,-23.322,17.187
1002,-37.099,-23.259,17.213
1003,-37.153,-23.195,17.238
1004,-37.208,-23.13,17.262
1005,-37.262,-23.066,17.285
1006,-37.317,-23.001,17.307
1007,-37.372,-22.936,17.328
1008,-37.427,-22.871,17.349
1009,-37.482,-22.805,17.368
1010,-37.537,-22.739,17.387
1011,-37.591,-22.673,17.404
1012,-37.646,-22.607,17.421
1013,-37.7,-22.54,17.437
1014,-37.755,-22.473,17.451
1015,-37.809,-22.405,17.465
1016,-37.863,-22.337,17.478
1017,-37.916,-22.268,17.489
1018,-37.969,-22.199,17.5
1019,-38.021,-22.13,17.51
1020,-38.073,-22.06,17.519
1021,-38.124,-21.989,17.527
1022,-38.174,-21.917,17.535
1023,-38.224,-21.845,17.542
1024,-38.272,-21.772,17.547
1025,-38.319,-21.698,17.553
1026,-38.364,-21.624,17.558
1027,-38.409,-21.548,17.562
1028,-38.451,-21.471,17.565
1029,-38.492,-21.394,17.569
1030,-38.531,-21.316,17.572
1031,-38.569,-21.236,17.575
1032,-38.604,-21.156,17.578
1033,-38.637,-21.075,17.581
1034,-38.668,-20.993,17.583
1035,-38.696,-20.91,17.586
1036,-38.722,-20.826,17.59
1037,-38.746,-20.742,17.593
1038,-38.768,-20.657,17.597
1039,-38.787,-20.572,17.601
1040,-38.804,-20.486,17.605
1041,-38.819,-20.4,17.61
1042,-38.832,-20.313,17.615
1043,-38.842,-20.226,17.621
1044,-38.851,-20.139,17.627
1045,-38.858,-20.052,17.634
1046,-38.863,-19.965,17.641
1047,-38.866,-19.878,17.649
1048,-38.867,-19.79,17.657
1049,-38.866,-19.703,17.666
1050,-38.864,-19.616,17.675
1051,-38.86,-19.529,17.685
1052,-38.854,-19.442,17.695
1053,-38.846,-19.355,17.706
1054,-38.836,-19.269,17.717
1055,-38.825,-19.183,17.729
1056,-38.812,-19.097,17.741
1057,-38.797,-19.012,17.753
1058,-38.78,-18.927,17.766
1059,-38.761,-18.842,17.779
1060,-38.74,-18.758,17.793
1061,-38.718,-18.674,17.806
1062,-38.693,-18.591,17.82
1063,-38.668,-18.508,17.834
1064,-38.64,-18.426,17.848
1065,-38.611,-18.345,17.862
1066,-38.58,-18.264,17.875
1067,-38.548,-18.184,17.889
1068,-38.514,-18.104,17.902
1069,-38.479,-18.024,17.916
1070,-38.443,-17.946,17.928
1071,-38.405,-17.867,17.941
1072,-38.367,-17.79,17.953
1073,-38.327,-17.712,17.965
1074,-38.287,-17.635,17.976
1075,-38.246,-17.559,17.986
1076,-38.203,-17.482,17.996
1077,-38.16,-17.407,18.006
1078,-38.117,-17.331,18.014
1079,-38.072,-17.256,18.022
1080,-38.027,-17.181,18.029
1081,-37.982,-17.106,18.035
1082,-37.935,-17.032,18.04
1083,-37.889,-16.958,18.044
1084,-37.842,-16.884,18.047
1085,-37.794,-16.81,18.048
1086,-37.746,-16.737,18.049
1087,-37.697,-16.664,18.049
1088,-37.648,-16.591,18.047
1089,-37.599,-16.519,18.044
1090,-37.549,-16.447,18.04
1091,-37.499,-16.375,18.035
1092,-37.448,-16.304,18.028
1093,-37.397,-16.233,18.021
1094,-37.345,-16.163,18.012
1095,-37.293,-16.093,18.002
1096,-37.241,-16.024,17.991
1097,-37.188,-15.955,17.979
1098,-37.135,-15.886,17.966
1099,-37.081,-15.819,17.951
1100,-37.027,-15.751,17.937
1101,-36.973,-15.684,17.921
1102,-36.918,-15.618,17.905
1103,-36.862,-15.552,17.887
1104,-36.807,-15.487,17.87
1105,-36.751,-15.422,17.852
1106,-36.694,-15.358,17.833
1107,-36.637,-15.294,17.815
1108,-36.58,-15.23,17.796
1109,-36.522,-15.167,17.777
1110,-36.464,-15.104,17.757
1111,-36.405,-15.042,17.738
1112,-36.346,-14.98,17.719
1113,-36.287,-14.918,17.7
1114,-36.228,-14.856,17.681
1115,-36.168,-14.795,17.662
1116,-36.107,-14.735,17.643
1117,-36.047,-14.674,17.625
1118,-35.986,-14.614,17.607
1119,-35.924,-14.554,17.59
1120,-35.862,-14.494,17.573
1121,-35.8,-14.434,17.556
1122,-35.738,-14.375,17.54
1123,-35.675,-14.316,17.524
1124,-35.611,-14.257,17.509
1125,-35.548,-14.199,17.495
1126,-35.484,-14.141,17.48
1127,-35.419,-14.083,17.467
1128,-35.354,-14.025,17.453
1129,-35.289,-13.968,17.44
1130,-35.223,-13.912,17.428
1131,-35.157,-13.855,17.415
1132,-35.091,-13.799,17.403
1133,-35.024,-13.744,17.391
1134,-34.957,-13.689,17.379
1135,-34.889,-13.634,17.367
1136,-34.821,-13.58,17.354
1137,-34.753,-13.527,17.342
1138,-34.684,-13.474,17.329
1139,-34.615,-13.422,17.315
1140,-34.546,-13.37,17.301
1141,-34.476,-13.319,17.287
1142,-34.406,-13.268,17.272
1143,-34.336,-13.218,17.256
1144,-34.266,-13.168,17.239
1145,-34.195,-13.12,17.222
1146,-34.124,-13.071,17.205
1147,-34.053,-13.024,17.186
1148,-33.981,-12.976,17.168
1149,-33.91,-12.929,17.148
1150,-33.838,-12.883,17.129
1151,-33.766,-12.837,17.109
1152,-33.694,-12.791,17.09
1153,-33.621,-12.746,17.07
1154,-33.549,-12.7,17.051
1155,-33.476,-12.655,17.032
1156,-33.403,-12.61,17.014
1157,-33.33,-12.564,16.997
1158,-33.257,-12.519,16.98
1159,-33.184,-12.473,16.965
1160,-33.111,-12.427,16.951
1161,-33.037,-12.381,16.938
1162,-32.964,-12.334,16.927
1163,-32.891,-12.287,16.917
1164,-32.818,-12.239,16.908
1165,-32.745,-12.191,16.901
1166,-32.672,-12.143,16.895
1167,-32.599,-12.094,16.891
1168,-32.527,-12.045,16.888
1169,-32.455,-11.995,16.886
1170,-32.383,-11.945,16.886
1171,-32.311,-11.894,16.886
1172,-32.24,-11.844,16.888
1173,-32.168,-11.792,16.89
1174,-32.097,-11.741,16.894
1175,-32.026,-11.69,16.898
1176,-31.956,-11.638,16.903
1177,-31.885,-11.587,16.908
1178,-31.814,-11.535,16.914
1179,-31.744,-11.484,16.92
1180,-31.673,-11.432,16.927
1181,-31.602,-11.381,16.934
1182,-31.531,-11.33,16.941
1183,-31.46,-11.279,16.949
1184,-31.389,-11.229,16.956
1185,-31.317,-11.179,16.964
1186,-31.246,-11.129,16.972
1187,-31.173,-11.08,16.979
1188,-31.101,-11.031,16.987
1189,-31.028,-10.983,16.994
1190,-30.955,-10.935,17.001
1191,-30.881,-10.888,17.008
1192,-30.807,-10.841,17.015
1193,-30.733,-10.795,17.021
1194,-30.658,-10.75,17.026
1195,-30.583,-10.704,17.032
1196,-30.508,-10.66,17.037
1197,-30.433,-10.615,17.041
1198,-30.357,-10.571,17.045
1199,-30.281,-10.527,17.049
1200,-30.205,-10.483,17.052
1201,-30.129,-10.44,17.055
1202,-30.053,-10.396,17.057
1203,-29.977,-10.352,17.059
1204,-29.902,-10.309,17.062
1205,-29.826,-10.265,17.064
1206,-29.75,-10.221,17.066
1207,-29.674,-10.176,17.068
1208,-29.599,-10.132,17.07
1209,-29.523,-10.087,17.073
1210,-29.448,-10.042,17.076
1211,-29.373,-9.9974,17.08
1212,-29.298,-9.9521,17.084
1213,-29.223,-9.9067,17.089
1214,-29.149,-9.861,17.095
1215,-29.074,-9.8153,17.102
1216,-29,-9.7694,17.109
1217,-28.926,-9.7234,17.117
1218,-28.852,-9.6773,17.127
1219,-28.778,-9.6313,17.137
1220,-28.704,-9.5852,17.148
1221,-28.63,-9.5391,17.161
1222,-28.557,-9.4931,17.174
1223,-28.484,-9.4471,17.189
1224,-28.411,-9.4011,17.204
1225,-28.338,-9.3553,17.221
1226,-28.265,-9.3094,17.238
1227,-28.193,-9.2637,17.257
1228,-28.121,-9.218,17.277
1229,-28.049,-9.1724,17.298
1230,-27.977,-9.1268,17.32
1231,-27.906,-9.0811,17.343
1232,-27.835,-9.0355,17.367
1233,-27.765,-8.9898,17.392
1234,-27.695,-8.944,17.418
1235,-27.625,-8.898,17.445
1236,-27.556,-8.8519,17.473
1237,-27.487,-8.8055,17.501
1238,-27.419,-8.7589,17.53
1239,-27.351,-8.712,17.56
1240,-27.284,-8.6647,17.591
1241,-27.217,-8.6169,17.622
1242,-27.151,-8.5687,17.653
1243,-27.085,-8.52,17.685
1244,-27.021,-8.4709,17.718
1245,-26.956,-8.4211,17.75
1246,-26.892,-8.3708,17.783
1247,-26.829,-8.3199,17.817
1248,-26.767,-8.2683,17.85
1249,-26.705,-8.2161,17.884
1250,-26.644,-8.1633,17.918
1251,-26.583,-8.1099,17.951
1252,-26.523,-8.0559,17.986
1253,-26.463,-8.0012,18.02
1254,-26.405,-7.9459,18.054
1255,-26.346,-7.89,18.088
1256,-26.289,-7.8335,18.122
1257,-26.232,-7.7765,18.157
1258,-26.175,-7.7189,18.191
1259,-26.119,-7.6608,18.226
1260,-26.064,-7.6022,18.26
1261,-26.009,-7.5431,18.295
1262,-25.955,-7.4836,18.33
1263,-25.902,-7.4237,18.364
1264,-25.848,-7.3634,18.399
1265,-25.796,-7.3026,18.434
1266,-25.744,-7.2416,18.47
1267,-25.692,-7.1801,18.505
1268,-25.641,-7.1184,18.54
1269,-25.59,-7.0564,18.576
1270,-25.54,-6.994,18.611
1271,-25.49,-6.9314,18.647
1272,-25.44,-6.8686,18.683
1273,-25.391,-6.8055,18.72
1274,-25.343,-6.7422,18.756
1275,-25.295,-6.6787,18.792
1276,-25.247,-6.6149,18.829
1277,-25.2,-6.551,18.866
1278,-25.153,-6.4869,18.903
1279,-25.106,-6.4225,18.94
1280,-25.06,-6.358,18.978
1281,-25.015,-6.2934,19.016
1282,-24.97,-6.2285,19.054
1283,-24.925,-6.1635,19.092
1284,-24.88,-6.0983,19.13
1285,-24.837,-6.0329,19.169
1286,-24.793,-5.9674,19.207
1287,-24.75,-5.9017,19.246
1288,-24.707,-5.8358,19.285
1289,-24.665,-5.7697,19.325
1290,-24.624,-5.7035,19.364
1291,-24.582,-5.6371,19.404
1292,-24.542,-5.5705,19.444
1293,-24.501,-5.5037,19.484
1294,-24.462,-5.4368,19.524
1295,-24.423,-5.3696,19.565
1296,-24.384,-5.3023,19.606
1297,-24.346,-5.2348,19.647
1298,-24.308,-5.167,19.688
1299,-24.272,-5.0991,19.729
1300,-24.235,-5.0309,19.771
1301,-24.2,-4.9626,19.812
1302,-24.164,-4.894,19.854
1303,-24.13,-4.8253,19.896
1304,-24.096,-4.7563,19.939
1305,-24.063,-4.687,19.981
1306,-24.031,-4.6176,20.024
1307,-23.999,-4.5479,20.066
1308,-23.968,-4.478,20.109
1309,-23.938,-4.4079,20.152
1310,-23.908,-4.3375,20.195
1311,-23.879,-4.2669,20.239
1312,-23.851,-4.1961,20.282
1313,-23.824,-4.125,20.325
1314,-23.797,-4.0537,20.369
1315,-23.771,-3.9821,20.412
1316,-23.746,-3.9102,20.456
1317,-23.722,-3.8381,20.5
1318,-23.699,-3.7658,20.543
1319,-23.676,-3.6931,20.587
1320,-23.655,-3.6202,20.63
1321,-23.634,-3.547,20.674
1322,-23.614,-3.4736,20.717
1323,-23.594,-3.3998,20.761
1324,-23.576,-3.3257,20.804
1325,-23.559,-3.2513,20.847
1326,-23.542,-3.1765,20.889
1327,-23.526,-3.1015,20.932
1328,-23.511,-3.026,20.974
1329,-23.497,-2.9503,21.016
1330,-23.484,-2.8741,21.057
1331,-23.472,-2.7975,21.098
1332,-23.46,-2.7206,21.139
1333,-23.45,-2.6432,21.179
1334,-23.44,-2.5655,21.218
1335,-23.432,-2.4873,21.257
1336,-23.424,-2.4086,21.294
1337,-23.417,-2.3296,21.332
1338,-23.411,-2.25,21.368
1339,-23.406,-2.17,21.404
1340,-23.402,-2.0895,21.438
1341,-23.399,-2.0085,21.472
1342,-23.397,-1.9272,21.504
1343,-23.396,-1.8454,21.536
1344,-23.396,-1.7631,21.566
1345,-23.397,-1.6805,21.595
1346,-23.399,-1.5975,21.623
1347,-23.401,-1.5141,21.65
1348,-23.405,-1.4304,21.676
1349,-23.409,-1.3464,21.701
1350,-23.415,-1.2622,21.725
1351,-23.421,-1.1777,21.747
1352,-23.428,-1.0931,21.769
1353,-23.436,-1.0083,21.79
1354,-23.445,-0.92344,21.81
1355,-23.455,-0.83851,21.829
1356,-23.465,-0.75355,21.848
1357,-23.476,-0.66857,21.867
1358,-23.488,-0.58363,21.885
1359,-23.501,-0.49873,21.903
1360,-23.514,-0.41392,21.92
1361,-23.528,-0.3292,21.938
1362,-23.543,-0.24462,21.956
1363,-23.559,-0.16019,21.973
1364,-23.576,-0.075916,21.991
1365,-23.593,0.0081267,22.009
1366,-23.611,0.091957,22.027
1367,-23.63,0.17555,22.045
1368,-23.651,0.25883,22.063
1369,-23.672,0.34183,22.082
1370,-23.694,0.42452,22.101
1371,-23.718,0.50679,22.12
1372,-23.742,0.5887,22.139
1373,-23.768,0.67022,22.159
1374,-23.795,0.75124,22.178
1375,-23.823,0.83179,22.198
1376,-23.853,0.91187,22.218
1377,-23.884,0.99139,22.238
1378,-23.916,1.0703,22.258
1379,-23.95,1.1487,22.279
1380,-23.985,1.2265,22.299
1381,-24.021,1.3037,22.319
1382,-24.059,1.3802,22.34
1383,-24.098,1.4561,22.36
1384,-24.138,1.5314,22.381
1385,-24.179,1.606,22.402
1386,-24.221,1.6799,22.422
1387,-24.264,1.7532,22.443
1388,-24.309,1.8258,22.464
1389,-24.354,1.8978,22.485
1390,-24.401,1.9692,22.506
1391,-24.448,2.0399,22.527
1392,-24.496,2.11,22.549
1393,-24.545,2.1795,22.57
1394,-24.595,2.2483,22.592
1395,-24.645,2.3166,22.614
1396,-24.696,2.3843,22.636
1397,-24.748,2.4514,22.659
1398,-24.8,2.5179,22.682
1399,-24.853,2.5838,22.705
1400,-24.906,2.6492,22.729
1401,-24.96,2.714,22.753
1402,-25.015,2.7781,22.778
1403,-25.07,2.8417,22.803
1404,-25.125,2.9047,22.828
1405,-25.181,2.9671,22.855
1406,-25.237,3.0288,22.881
1407,-25.294,3.0899,22.909
1408,-25.35,3.1504,22.937
1409,-25.408,3.2101,22.966
1410,-25.465,3.2692,22.995
1411,-25.523,3.3275,23.026
1412,-25.582,3.3851,23.057
1413,-25.64,3.4419,23.089
1414,-25.699,3.4979,23.122
1415,-25.759,3.5531,23.155
1416,-25.818,3.6074,23.19
1417,-25.878,3.6608,23.225
1418,-25.938,3.7133,23.261
1419,-25.998,3.7649,23.299
1420,-26.059,3.8155,23.337
1421,-26.12,3.8652,23.376
1422,-26.181,3.9138,23.415
1423,-26.242,3.9615,23.456
1424,-26.304,4.0081,23.497
1425,-26.366,4.0537,23.54
1426,-26.428,4.0983,23.582
1427,-26.49,4.1419,23.626
1428,-26.553,4.1845,23.671
1429,-26.615,4.2262,23.716
1430,-26.678,4.2668,23.761
1431,-26.741,4.3065,23.808
1432,-26.804,4.3452,23.854
1433,-26.868,4.3831,23.902
1434,-26.931,4.4201,23.949
1435,-26.995,4.4563,23.998
1436,-27.059,4.4916,24.046
1437,-27.123,4.5262,24.095
1438,-27.187,4.5601,24.144
1439,-27.252,4.5933,24.193
1440,-27.316,4.6258,24.243
1441,-27.381,4.6577,24.293
1442,-27.446,4.6891,24.343
1443,-27.511,4.7198,24.393
1444,-27.576,4.75,24.443
1445,-27.642,4.7797,24.493
1446,-27.708,4.8089,24.543
1447,-27.774,4.8377,24.592
1448,-27.84,4.866,24.642
1449,-27.907,4.8939,24.692
1450,-27.974,4.9213,24.742
1451,-28.041,4.9483,24.792
1452,-28.108,4.9749,24.841
1453,-28.175,5.0011,24.89
1454,-28.243,5.0269,24.94
1455,-28.311,5.0523,24.989
1456,-28.38,5.0772,25.038
1457,-28.448,5.1018,25.086
1458,-28.517,5.1259,25.135
1459,-28.586,5.1495,25.183
1460,-28.656,5.1728,25.232
1461,-28.725,5.1956,25.28
1462,-28.795,5.2179,25.328
1463,-28.865,5.2398,25.376
1464,-28.936,5.2613,25.423
1465,-29.006,5.2822,25.471
1466,-29.077,5.3027,25.518
1467,-29.148,5.3228,25.565
1468,-29.22,5.3424,25.612
1469,-29.291,5.3615,25.659
1470,-29.363,5.3802,25.706
1471,-29.435,5.3984,25.753
1472,-29.507,5.4162,25.799
1473,-29.58,5.4335,25.845
1474,-29.652,5.4505,25.891
1475,-29.725,5.467,25.937
1476,-29.798,5.4831,25.983
1477,-29.872,5.4988,26.028
1478,-29.945,5.5141,26.073
1479,-30.019,5.5291,26.118
1480,-30.094,5.5437,26.162
1481,-30.168,5.5579,26.206
1482,-30.243,5.5718,26.25
1483,-30.318,5.5853,26.293
1484,-30.393,5.5986,26.336
1485,-30.469,5.6115,26.378
1486,-30.545,5.6241,26.42
1487,-30.621,5.6365,26.462
1488,-30.697,5.6485,26.503
1489,-30.774,5.6602,26.543
1490,-30.851,5.6716,26.583
1491,-30.929,5.6828,26.623
1492,-31.007,5.6936,26.662
1493,-31.085,5.7042,26.7
1494,-31.163,5.7144,26.738
1495,-31.242,5.7243,26.776
1496,-31.321,5.7339,26.812
1497,-31.4,5.7431,26.848
1498,-31.48,5.7519,26.884
1499,-31.56,5.7604,26.919
1500,-31.64,5.7685,26.953
1501,-31.721,5.7761,26.987
1502,-31.802,5.7832,27.02
1503,-31.883,5.7899,27.052
1504,-31.964,5.796,27.084
1505,-32.046,5.8016,27.115
1506,-32.128,5.8066,27.146
1507,-32.21,5.811,27.176
1508,-32.293,5.8148,27.206
1509,-32.375,5.8179,27.236
1510,-32.458,5.8203,27.265
1511,-32.54,5.822,27.293
1512,-32.623,5.8229,27.322
1513,-32.706,5.8232,27.35
1514,-32.789,5.8227,27.379
1515,-32.872,5.8215,27.407
1516,-32.955,5.8195,27.435
1517,-33.038,5.8169,27.463
1518,-33.121,5.8135,27.491
1519,-33.204,5.8095,27.52
1520,-33.287,5.8049,27.548
1521,-33.37,5.7997,27.577
1522,-33.452,5.7939,27.606
1523,-33.535,5.7876,27.634
1524,-33.617,5.7809,27.663
1525,-33.7,5.7737,27.692
1526,-33.782,5.7662,27.721
1527,-33.864,5.7584,27.75
1528,-33.947,5.7504,27.779
1529,-34.029,5.7422,27.808
1530,-34.112,5.7338,27.836
1531,-34.195,5.7254,27.864
1532,-34.277,5.717,27.891
1533,-34.36,5.7085,27.918
1534,-34.444,5.7002,27.944
1535,-34.527,5.6919,27.97
1536,-34.611,5.6838,27.995
1537,-34.695,5.6759,28.019
1538,-34.779,5.6681,28.042
1539,-34.863,5.6606,28.065
1540,-34.948,5.6533,28.086
1541,-35.033,5.6463,28.107
1542,-35.118,5.6395,28.127
1543,-35.203,5.633,28.146
1544,-35.289,5.6267,28.164
1545,-35.375,5.6207,28.181
1546,-35.461,5.6148,28.198
1547,-35.547,5.6091,28.214
1548,-35.633,5.6035,28.229
1549,-35.719,5.598,28.244
1550,-35.805,5.5925,28.259
1551,-35.891,5.5871,28.273
1552,-35.978,5.5816,28.288
1553,-36.064,5.5759,28.302
1554,-36.15,5.5702,28.317
1555,-36.236,5.5642,28.332
1556,-36.323,5.5579,28.347
1557,-36.409,5.5514,28.363
1558,-36.494,5.5445,28.379
1559,-36.58,5.5372,28.395
1560,-36.666,5.5295,28.412
1561,-36.752,5.5213,28.429
1562,-36.837,5.5127,28.447
1563,-36.922,5.5035,28.466
1564,-37.007,5.4939,28.484
1565,-37.092,5.4837,28.504
1566,-37.177,5.473,28.523
1567,-37.262,5.4618,28.543
1568,-37.346,5.4501,28.562
1569,-37.431,5.438,28.582
1570,-37.515,5.4254,28.602
1571,-37.6,5.4123,28.621
1572,-37.684,5.3989,28.64
1573,-37.769,5.3851,28.659
1574,-37.853,5.371,28.678
1575,-37.938,5.3565,28.696
1576,-38.022,5.3418,28.714
1577,-38.107,5.3269,28.731
1578,-38.192,5.3118,28.748
1579,-38.276,5.2964,28.764
1580,-38.361,5.2809,28.78
1581,-38.446,5.2651,28.796
1582,-38.531,5.2492,28.812
1583,-38.616,5.2331,28.827
1584,-38.7,5.2166,28.842
1585,-38.785,5.1999,28.857
1586,-38.87,5.1829,28.873
1587,-38.954,5.1654,28.888
1588,-39.039,5.1474,28.903
1589,-39.123,5.1289,28.918
1590,-39.207,5.1097,28.934
1591,-39.291,5.0897,28.949
1592,-39.375,5.069,28.965
1593,-39.458,5.0473,28.98
1594,-39.542,5.0245,28.996
1595,-39.625,5.0007,29.011
1596,-39.707,4.9758,29.026
1597,-39.79,4.9495,29.04
1598,-39.872,4.9221,29.054
1599,-39.954,4.8934,29.068
1600,-40.035,4.8633,29.08
1601,-40.116,4.832,29.092
1602,-40.197,4.7991,29.103
1603,-40.276,4.7653,29.113
1604,-40.356,4.7299,29.123
1605,-40.436,4.6935,29.131
1606,-40.514,4.6559,29.139
1607,-40.593,4.6172,29.145
1608,-40.671,4.5775,29.151
1609,-40.748,4.5366,29.157
1610,-40.825,4.4952,29.162
1611,-40.902,4.4525,29.167
1612,-40.978,4.4095,29.171
1613,-41.054,4.3653,29.175
1614,-41.129,4.321,29.179
1615,-41.204,4.2756,29.183
1616,-41.279,4.2302,29.187
1617,-41.353,4.1838,29.192
1618,-41.427,4.1375,29.197
1619,-41.501,4.0904,29.203
1620,-41.575,4.0433,29.209
1621,-41.648,3.9957,29.215
1622,-41.721,3.9479,29.223
1623,-41.794,3.9001,29.231
1624,-41.867,3.8517,29.24
1625,-41.939,3.8036,29.249
1626,-42.012,3.7549,29.26
1627,-42.084,3.7066,29.271
1628,-42.156,3.6579,29.283
1629,-42.227,3.6091,29.296
1630,-42.299,3.5604,29.309
1631,-42.371,3.511,29.324
1632,-42.441,3.4624,29.338
1633,-42.512,3.4131,29.354
1634,-42.583,3.3637,29.37
1635,-42.653,3.3145,29.387
1636,-42.724,3.2644,29.404
1637,-42.793,3.215,29.421
1638,-42.863,3.1651,29.439
1639,-42.933,3.1143,29.457
1640,-43.002,3.0645,29.475
1641,-43.071,3.0138,29.493
1642,-43.141,2.9625,29.512
1643,-43.209,2.9119,29.53
1644,-43.278,2.8603,29.548
1645,-43.347,2.8083,29.566
1646,-43.414,2.7569,29.583
1647,-43.483,2.7045,29.601
1648,-43.552,2.6515,29.617
1649,-43.619,2.5993,29.633
1650,-43.687,2.5462,29.648
1651,-43.756,2.4921,29.662
1652,-43.823,2.4391,29.675
1653,-43.891,2.3851,29.686
1654,-43.96,2.3301,29.696
1655,-44.027,2.2755,29.705
1656,-44.094,2.2208,29.711
1657,-44.162,2.1648,29.716
1658,-44.231,2.1076,29.718
1659,-44.296,2.0522,29.719
1660,-44.362,1.9952,29.716
1661,-44.428,1.9365,29.712
1662,-44.494,1.8775,29.704
1663,-44.556,1.82,29.695
1664,-44.618,1.7605,29.683
1665,-44.681,1.6989,29.667
1666,-44.742,1.6365,29.649
1667,-44.799,1.577,29.63
1668,-44.855,1.5153,29.608
1669,-44.912,1.4513,29.583
1670,-44.967,1.3848,29.556
1671,-45.018,1.3215,29.527
1672,-45.066,1.2583,29.498
1673,-45.114,1.1931,29.466
1674,-45.161,1.1256,29.431
1675,-45.206,1.0558,29.394
1676,-45.247,0.98844,29.356
1677,-45.285,0.92278,29.319
1678,-45.322,0.85534,29.279
1679,-45.357,0.78616,29.237
1680,-45.391,0.71528,29.193
1681,-45.422,0.6428,29.147
1682,-45.449,0.57443,29.102
1683,-45.474,0.5065,29.057
1684,-45.496,0.43758,29.009
1685,-45.517,0.36783,28.959
1686,-45.535,0.29743,28.908
1687,-45.55,0.22658,28.854
1688,-45.562,0.15753,28.799
1689,-45.571,0.091948,28.745
1690,-45.578,0.026681,28.689
1691,-45.582,-0.037988,28.63
1692,-45.583,-0.10175,28.569
1693,-45.581,-0.16426,28.505
1694,-45.577,-0.22515,28.439
1695,-45.57,-0.28132,28.372
1696,-45.56,-0.33195,28.307
1697,-45.549,-0.38033,28.239
1698,-45.535,-0.42616,28.168
1699,-45.518,-0.46912,28.094
1700,-45.499,-0.50891,28.016
1701,-45.478,-0.54526,27.934
1702,-45.454,-0.57792,27.847
1703,-45.432,-0.60175,27.773
1704,-45.412,-0.62071,27.705
1705,-45.39,-0.63753,27.633
1706,-45.366,-0.65222,27.559
1707,-45.341,-0.66479,27.482
1708,-45.314,-0.6753,27.402
1709,-45.285,-0.6838,27.318
1710,-45.253,-0.69037,27.23
1711,-45.218,-0.69507,27.139
1712,-45.18,-0.69795,27.043
1713,-45.137,-0.69898,26.942
1714,-45.118,-0.69883,26.898
1715,-45.099,-0.69833,26.854
1716,-45.078,-0.69745,26.808
1717,-45.057,-0.69616,26.762
1718,-45.034,-0.69441,26.715
1719,-45.011,-0.69217,26.666
1720,-44.986,-0.68937,26.615
1721,-44.959,-0.68593,26.564
1722,-44.932,-0.68176,26.51
1723,-44.903,-0.67675,26.455
1724,-44.872,-0.67078,26.397
1725,-44.839,-0.66371,26.337
1726,-44.805,-0.65535,26.275
1727,-44.769,-0.64552,26.21
1728,-44.73,-0.634,26.141
1729,-44.689,-0.62052,26.069
1730,-44.645,-0.60481,25.993
1731,-44.599,-0.58656,25.912
1732,-44.549,-0.56541,25.825
1733,-44.495,-0.541,25.732
1734,-44.438,-0.51292,25.632
1735,-44.375,-0.48073,25.523
1736,-44.307,-0.44401,25.405
1737,-44.233,-0.40228,25.275
1738,-44.151,-0.3551,25.131
1739,-44.061,-0.30206,24.972
